{"status":"done","publicPath":"/","chunks":{"about":[{"name":"js/about.fbd37524.js","publicPath":"/js/about.fbd37524.js","path":"C:\\My_Files\\Dev\\gitrepos\\jboss_dashboard\\jbstatsapi\\frontend\\dist\\js\\about.fbd37524.js"},{"name":"js/about.fbd37524.js.map","publicPath":"/js/about.fbd37524.js.map","path":"C:\\My_Files\\Dev\\gitrepos\\jboss_dashboard\\jbstatsapi\\frontend\\dist\\js\\about.fbd37524.js.map"}],"app":[{"name":"bundle.css","publicPath":"/bundle.css","path":"C:\\My_Files\\Dev\\gitrepos\\jboss_dashboard\\jbstatsapi\\frontend\\dist\\bundle.css"},{"name":"bundle.js","publicPath":"/bundle.js","path":"C:\\My_Files\\Dev\\gitrepos\\jboss_dashboard\\jbstatsapi\\frontend\\dist\\bundle.js"},{"name":"bundle.css.map","publicPath":"/bundle.css.map","path":"C:\\My_Files\\Dev\\gitrepos\\jboss_dashboard\\jbstatsapi\\frontend\\dist\\bundle.css.map"},{"name":"bundle.js.map","publicPath":"/bundle.js.map","path":"C:\\My_Files\\Dev\\gitrepos\\jboss_dashboard\\jbstatsapi\\frontend\\dist\\bundle.js.map"}]}}