{
    "base_url": "https://hostname:port/maangement/",
    "full": "https://hostname:port/management/?recursive=true",
    "full_1": "https://hostname:port/management/?operation=resource&recursive=true&include-runtime=true",
    "server_health": "https://hostname:port/management/?operation=attribute&name=server-state",
    "application_status": "https://hostname:port/management/deployment/*?operation=attribute&name=status",
    "ds_statistics_enabled": "https://hostname:port/management/sybsystem/datasources/data-source/*?operation=attribute&name=statistics-enabled",
    "get_version": "https://hostname:port/management?operation=attribute&name=product-version",
    "get_system_properties": "https://hostname:port/management/core-service/platform-mbean/type/runtime?operation=attribute&name=*",
    "get_gc_data": "https://hostname:port/management/core-service/platform-mbean/type/garbage-collector/?recursive=true&include-runtime=true",
    "get_ds_stats": "https://hostname:port/management/subsystem/datasources/data-source/*/statistics/pool/?recursive=true&include-runtime=true",
    "get_thread_data": "https://hostname:port/management/core-service/platform-mbean/type/threading/?include-runtime=true",
    "get_mem_data": "https://hostname:port/management/core-service/platform-mbean/type/memory/?include-runtime=true",
    "get_app_data": "https://hostname:port/management/deployment/*/subsystem/undertow/?include-runtime=true"
}